{
    "plddts": {
        "model_1_pred_0": 94.94922337394638,
        "model_2_pred_0": 95.00127045942025,
        "model_3_pred_0": 94.61825077289762,
        "model_4_pred_0": 95.31850118890273,
        "model_5_pred_0": 94.7071506974818
    },
    "order": [
        "model_4_pred_0",
        "model_2_pred_0",
        "model_1_pred_0",
        "model_5_pred_0",
        "model_3_pred_0"
    ]
}